RowNumber,CustomerID,CustomerSince,Vehicle,2014,2015,2016E
407988,2942833,1899-04-30,2001 Jaguar XJR,610.33000000000004,460.44999999999999,156.12
